{
  "coordinates_angstrom": [
    [
      1.0579663867827693,
      -0.3033324331606438,
      -0.402601880511743
    ],
    [
      -0.23377412935512326,
      -0.09036616181361579,
      0.0706360005302281
    ],
    [
      -0.3128241356942964,
      -0.2279626755706121,
      1.4476620964866416
    ],
    [
      -1.282464546820722,
      -1.3339963837888125,
      -0.6692952104919757
    ],
    [
      -0.9449707969214536,
      1.6237121235801053,
      -0.39512833658171204
    ],
    [
      1.7160672220088184,
      0.3319455307535764,
      -0.051272669431435124
    ]
  ],
  "bonds": [
    [
      0,
      1
    ],
    [
      1,
      2
    ],
    [
      1,
      3
    ],
    [
      1,
      4
    ],
    [
      0,
      5
    ]
  ],
  "angles": [
    [
      1,
      0,
      5
    ],
    [
      0,
      1,
      2
    ],
    [
      0,
      1,
      3
    ],
    [
      0,
      1,
      4
    ],
    [
      2,
      1,
      3
    ],
    [
      2,
      1,
      4
    ],
    [
      3,
      1,
      4
    ]
  ],
  "bond_params": {
    "(0, 1)": {
      "length_nm": 0.13920855885385566,
      "k_kj_mol_nm2": 59448.35979377215
    },
    "(1, 2)": {
      "length_nm": 0.13861394493503404,
      "k_kj_mol_nm2": 48104.29591834466
    },
    "(1, 3)": {
      "length_nm": 0.17871390314519559,
      "k_kj_mol_nm2": 70990.23365870827
    },
    "(1, 4)": {
      "length_nm": 0.19133221072629297,
      "k_kj_mol_nm2": 63220.44962395325
    },
    "(0, 5)": {
      "length_nm": 0.09798505066174801,
      "k_kj_mol_nm2": 70229.67552997675
    }
  },
  "angle_params": {
    "(1, 0, 5)": {
      "angle_rad": 1.9846549805862737,
      "angle_deg": 113.71235417721181,
      "k_kj_mol_rad2": 451.2458287606745
    },
    "(0, 1, 2)": {
      "angle_rad": 1.9556740877232994,
      "angle_deg": 112.05187132964258,
      "k_kj_mol_rad2": 416.23631195795235
    },
    "(0, 1, 3)": {
      "angle_rad": 1.8726527857586073,
      "angle_deg": 107.29510111738455,
      "k_kj_mol_rad2": 665.4213103239958
    },
    "(0, 1, 4)": {
      "angle_rad": 1.9814538320979915,
      "angle_deg": 113.52894187923856,
      "k_kj_mol_rad2": 583.4820255438614
    },
    "(2, 1, 3)": {
      "angle_rad": 1.884693347999269,
      "angle_deg": 107.98497451673904,
      "k_kj_mol_rad2": 620.452630319734
    },
    "(2, 1, 4)": {
      "angle_rad": 1.8855293674725624,
      "angle_deg": 108.03287490414951,
      "k_kj_mol_rad2": 569.3512886700706
    },
    "(3, 1, 4)": {
      "angle_rad": 1.8802165072616346,
      "angle_deg": 107.72847043692036,
      "k_kj_mol_rad2": 978.9316438775583
    }
  },
  "notes": {
    "hessian_type": "mock_diagonal_dominated",
    "hessian_k_diagonal_kcal_mol_A2": 500.0,
    "vibrational_scaling": 1.0,
    "units": {
      "length": "nm",
      "bond_k": "kJ/mol/nm\u00b2 (OpenMM convention: U = k*(r-r0)\u00b2)",
      "angle": "radians (also provided in degrees)",
      "angle_k": "kJ/mol/rad\u00b2 (OpenMM convention: U = k*(theta-theta0)\u00b2)"
    }
  }
}
